Performing Arts,"['Music', 'Outline of music', 'Accompaniment', 'Chamber music', 'Church music', 'Conducting', 'Choir', 'Orchestra', 'Concert band', 'Early music', 'Jazz', 'Outline of jazz', 'Musical composition', 'Music education', 'Music history', 'Musicology', 'Music history', 'Systematic musicology', 'Ethnomusicology', 'Music theory', 'Orchestra', 'Organology', 'Organ (music)', 'Keyboard instrument', 'Piano', 'String instrument', 'Harp', 'Oud', 'Guitar', 'Outline of guitars', 'Singing', 'Woodwind instrument', 'Brass instrument', 'Percussion instrument', 'Sound recording and reproduction', 'Dance', 'Outline of dance', 'Choreography', 'Dance notation', 'Ethnochoreology', 'History of dance', 'Television', 'Outline of television broadcasting', 'Television studies', 'Theatre', 'Outline of theatre', 'Acting', 'Theatre director', 'Dramaturgy', 'History of theater', 'Musical theatre', 'Playwrighting', 'Puppetry', 'Scenography', 'Scenic design', 'Ventriloquism', 'Film studies', 'Outline of film', 'Animation', 'Film criticism', 'Filmmaking', 'Film theory', 'Live action']"
Visual Arts,"['Fine arts', 'Graphic arts', 'Drawing', 'Outline of drawing and drawings', 'Painting', 'Outline of painting', 'Photography', 'Outline of photography', 'Sculpture', 'Outline of sculpture', 'Applied arts', 'Animation', 'Calligraphy', 'Decorative arts', 'Mixed media', 'Printmaking', 'Studio art', 'Architecture', 'Outline of architecture', 'Interior architecture', 'Landscape architecture', 'Landscape design', 'Landscape planning', 'Architectural analytics', 'Historic preservation', 'Interior design', 'Interior architecture', 'Technical drawing', 'Fashion']"
History,"['African history', 'American history', 'Ancient history', 'Ancient Egypt', 'Carthage', 'Ancient Greece', 'Outline of ancient Greece', 'Ancient Rome', 'Outline of ancient Rome', 'Assyria', 'Bronze Age', 'Historicity of the Bible', 'Indus Valley Civilisation', 'Preclassic Maya', 'History of Mesopotamia', 'The Stone Age', 'Yangtze civilization', 'Yellow River civilization', 'History of Asia', 'History of China', 'History of India', 'Outline of ancient India', 'History of Indonesia', 'History of Iran', 'History of Australia', 'Ecclesiastical history of the Catholic Church', 'Economic history of the world', 'Environmental history', 'History of Europe', 'Intellectual history', 'Jewish history', 'History of Latin America', 'Modern history', 'History of philosophy', 'Ancient philosophy', 'Contemporary philosophy', 'Medieval philosophy', 'Humanism', 'Outline of humanism', 'Scholasticism', 'Modern philosophy', 'History of political thought', 'Pre-Columbian era', 'History of Russia', 'Cultural history', 'History of Science', 'History of Technology', 'World history', 'Public history']"
Home economics,"['Cooking', 'Cleaning', 'Clothing', 'Family studies', 'Finance', 'Gardening', 'Health', 'Nutrition']"
Languages and literature,"['Linguistics', 'Outline of linguistics', 'Applied linguistics', 'Composition studies', 'Computational linguistics', 'Discourse analysis', 'English studies', 'Etymology', 'Grammar', 'Historical linguistics', 'History of linguistics', 'Interlinguistics', 'Lexicology', 'Linguistic typology', 'Morphology (linguistics)', 'Natural language processing', 'Philology', 'Phonetics', 'Phonology', 'Pragmatics', 'Psycholinguistics', 'Rhetoric', 'Semantics', 'Semiotics', 'Outline of semiotics', 'Sociolinguistics', 'Syntax', 'Usage', 'Word usage', 'Comparative literature', 'Creative writing', 'Fiction', 'Outline of fiction', 'Non-fiction', 'English literature', 'History of literature', 'Medieval literature', 'Post-colonial literature', 'Post-modern literature', 'Literary theory', 'Critical theory', 'Outline of critical theory', 'Literary criticism', 'Poetics', 'Poetry', 'World literature', 'African-American literature', 'American literature', 'British literature']"
Law,"['Administrative law', 'Canon law', 'Civil law (common law)', 'Admiralty law', 'Animal law', 'Animal rights', 'Civil procedure', 'Common law', 'Contract law', 'Corporations', 'Environmental law', 'Family law', 'Federal law', 'International law', 'Public international law', 'Supranational law', 'Labor law', 'Property law', 'Tax law', 'Tort law', 'Outline of tort law', 'Comparative law', 'Competition law', 'Constitutional law', 'Criminal law', 'Criminal justice', 'Outline of criminal justice', 'Criminal procedure', 'Forensic science', 'Outline of forensic science', 'Police science', 'Sharia', 'Jewish law', 'Outline of Jewish law', 'Jurisprudence', 'Legal management', 'Commercial law', 'Corporate law', 'Procedural law', 'Substantive law']"
Philosophy,"['Aesthetics', 'Outline of aesthetics', 'Philosophy', 'Philosophy and economics', 'Philosophy of education', 'Philosophy of engineering', 'Philosophy of history', 'Philosophy of language', 'Philosophy of law', 'Philosophy of mathematics', 'Philosophy of music', 'Philosophy of psychology', 'Philosophy of religion', 'Philosophy of science', 'Philosophy of biology', 'Philosophy of chemistry', 'Philosophy of physics', 'Philosophy of social science', 'Philosophy of technology', 'Systems philosophy', 'Epistemology', 'Outline of epistemology', 'Theory of justification', 'List of fallacies', 'Ethics', 'Outline of ethics', 'Applied ethics', 'Animal rights', 'Bioethics', 'Environmental ethics', 'Meta-ethics', 'Moral psychology', 'Descriptive ethics', 'Value theory', 'Normative ethics', 'Virtue ethics', 'Logic', 'Outline of logic', 'Mathematical logic', 'Philosophical logic', 'Meta-philosophy', 'Metaphysics', 'Outline of metaphysics', 'Action (philosophy)', 'Determinism', 'Free will', 'Ontology', 'Philosophy of mind', 'Pain (philosophy)', 'Philosophy of artificial intelligence', 'Philosophy of perception', 'Philosophy of space and time', 'Teleology', 'Theism', 'Atheism', 'Philosophical movement', 'African philosophy', 'Analytic philosophy', 'Aristotelianism', 'Continental philosophy', 'Eastern philosophy', 'Feminist philosophy', 'Platonism', 'Social philosophy', 'Political philosophy', 'Anarchism', 'Outline of anarchism', 'Feminist philosophy', 'Libertarianism', 'Outline of libertarianism', 'Marxism']"
Economics,"['Agricultural economics', 'Anarchist economics', 'Applied economics', 'Behavioural economics', 'Bioeconomics (biophysical)', 'Complexity economics', 'Computational economics', 'Consumer economics', 'Development economics', 'Ecological economics', 'Econometrics', 'Economic geography', 'Economic sociology', 'Economic systems', 'Education economics', 'Energy economics', 'Entrepreneurial economics', 'Environmental economics', 'Evolutionary economics', 'Experimental economics', 'Feminist economics', 'Financial econometrics', 'Financial economics', 'Green economics', 'Economic growth', 'Human development theory', 'Industrial organization', 'Information economics', 'Institutional economics', 'International economics', 'Islamic economics', 'Labor economics', 'Law and economics', 'Macroeconomics', 'Managerial economics', 'Marxian economics', 'Mathematical economics', 'Microeconomics', 'Monetary economics', 'Neuroeconomics', 'Participatory economics', 'Political economy', 'Public economics', 'Public finance', 'Real estate economics', 'Resource economics', 'Social choice theory', 'Socialist economics', 'Socioeconomics', 'Transport economics', 'Welfare economics']"
Geography,"['Physical geography', 'Water vapour', 'Biogeography', 'Climatology', 'Coastal geography', 'Emergency management', 'Environmental geography', 'Geobiology', 'Geochemistry', 'Geology', 'Geomatics', 'Geomorphology', 'Geophysics', 'Glaciology', 'Hydrology', 'Landscape ecology', 'Lithology', 'Meteorology', 'Mineralogy', 'Oceanography', 'Palaeogeography', 'Palaeontology', 'Petrology', 'Quaternary science', 'Pedology', 'Human geography', 'Behavioural geography', 'Cognitive geography', 'Cultural geography', 'Development geography', 'Economic geography', 'Health geography', 'Historical geography', 'Language geography', 'Marketing geography', 'Military geography', 'Political geography', 'Population geography', 'Religion geography', 'Social geography', 'Strategic geography', 'Time geography', 'Tourism geography', 'Transport geography', 'Urban geography', 'Integrated geography', 'Cartography', 'Celestial cartography', 'Planetary cartography', 'Topography']"
Political science,"['Politics of the United States', 'Politics of Canada', 'Civics', 'Comparative politics', 'European studies', 'Geopolitics', 'International relations', 'International organization', 'Nationalism studies', 'Peace and conflict studies', 'Policy studies', 'Theories of political behavior', 'Political culture', 'Political economy', 'Political history', 'Political philosophy', 'Public administration', 'Public law', 'Psephology', 'Social choice theory']"
Psychology,"['Abnormal psychology', 'Applied psychology', 'Biological psychology', 'Clinical neuropsychology', 'Clinical psychology', 'Cognitive psychology', 'Community psychology', 'Comparative psychology', 'Conservation psychology', 'Consumer psychology', 'Counseling psychology', 'Criminal psychology', 'Cultural psychology', 'Asian psychology', 'Black psychology', 'Developmental psychology', 'Differential psychology', 'Ecological psychology', 'Educational psychology', 'Environmental psychology', 'Evolutionary psychology', 'Experimental psychology', 'Group dynamics', 'Journal of Family Psychology', 'Feminine psychology', 'Forensic developmental psychology', 'Forensic psychology', 'Health psychology', 'Humanistic psychology', 'Indigenous psychology', 'Legal psychology', 'Mathematical psychology', 'Media psychology', 'Medical psychology', 'Military psychology', 'Moral psychology', 'Descriptive ethics', 'Music psychology', 'Neuropsychology', 'Occupational health psychology', 'Occupational psychology', 'Industrial and organizational psychology', 'Parapsychology', 'Outline of parapsychology', 'Pediatric psychology', 'Pedology (children study)', 'Personality psychology', 'Phenomenology (psychology)', 'Political psychology', 'Positive psychology', 'Psychoanalysis', 'Psychobiology', 'Psychology of religion', 'Psychometrics', 'Psychopathology', 'Child psychopathology', 'Psychophysics', 'Quantitative psychology', 'Rehabilitation Psychology (journal)', 'School psychology', 'Social psychology', 'Sport psychology', 'Traffic psychology', 'Transpersonal psychology']"
Sociology,"['Analytical sociology', 'Applied sociology', 'Leisure studies', 'Political sociology', 'Public sociology', 'Social engineering (political science)', 'Architectural sociology', 'Area studies', 'African studies', 'American studies', 'Appalachian studies', 'Canadian studies', 'Latin American studies', 'Asian studies', 'Central Asian studies', 'East Asian studies', 'Indology', 'Iranian studies', 'Japanese studies', 'Korean studies', 'Pakistan studies', 'Sindhology', 'Sinology', 'Outline of sinology', 'Southeast Asian studies', 'Thai studies', 'Australian studies', 'European studies', 'Celtic studies', 'German studies', 'Sociology in Poland', 'Scandinavian studies', 'Slavic studies', 'Middle Eastern studies', 'Arab studies', 'Assyriology', 'Egyptology', 'Jewish studies', 'Collective behavior', 'Collective behavior', 'Social movements', 'Community informatics', 'Social network analysis', 'Comparative sociology', 'Conflict theories', 'Criminology', 'Criminal justice', 'Outline of criminal justice', 'Critical management studies', 'Critical sociology', 'Cultural sociology', 'Cultural studies', 'Ethnic studies', 'Africana studies', 'Cross-cultural studies', 'Culturology', 'Deaf studies', 'Ethnology', 'Utopian studies', 'Whiteness studies', 'Demography', 'Population', 'Digital sociology', 'Dramaturgical sociology', 'Economic sociology', 'Educational sociology', 'Empirical sociology', 'Environmental sociology', 'Evolutionary sociology', 'Feminist sociology', 'Figurational Sociology', 'Futures studies', 'Outline of futures studies', 'Gender studies', ""Men's studies"", ""Women's studies"", 'Historical sociology', 'Human ecology', 'Humanistic sociology', 'Industrial sociology', 'Interactionism', 'Interpretive sociology', 'Ethnomethodology', 'Phenomenology (philosophy)', 'Social constructionism', 'Symbolic interactionism', 'Jealousy sociology', 'Macrosociology', 'Marxist sociology', 'Mathematical sociology', 'Medical sociology', 'Mesosociology', 'Microsociology', 'Military sociology', 'Natural resource sociology', 'Organizational studies', 'Phenomenological sociology', 'Policy sociology', 'Psychoanalytic sociology', 'Science studies', 'Science and technology studies', 'Sexology', 'Heterosexism', 'Human sexual activity', 'Human sexuality', 'Outline of human sexuality', 'Queer studies', 'Queer theory', 'Sex education', 'Social capital', 'Social change', 'Social conflict theory', 'Social control', 'Pure sociology', 'Social economy', 'Social philosophy', 'Social policy', 'Social psychology', 'Social stratification', 'Social theory', 'Social transformation', 'Computational sociology', 'Economic sociology', 'Socioeconomics', 'Economic development', 'Social development theory', 'Sociobiology', 'Sociocybernetics', 'Sociolinguistics', 'Gerontology', 'Rural sociology', 'Sociology of art', 'Societal and cultural aspects of autism', 'Sociology of the family', 'Social conflict', 'Sociology of culture', 'Sociology of the Internet', 'Development theory', 'Deviance (sociology)', 'Sociology of disaster', 'Sociology of education', 'Sociology of emotions', 'Sociology of the family', 'Social studies of finance', 'Sociology of food', 'Sociology of gender', 'Theory of generations', 'World-systems theory', 'Political sociology', 'Sociology of health and illness', 'Sociology of human consciousness', 'Sociology of immigration', 'Sociology of knowledge', 'Sociology of language', 'Sociology of law', 'Sociology of leisure', 'Sociology of literature', 'Economic sociology', 'Sociology of the family', 'Sociology of the family', 'Sociomusicology', 'Natural resource management', 'Organizational behavior', 'Sociology of peace, war, and social conflict', 'Sociology of punishment', 'Sociology of race and ethnic relations', 'Sociology of religion', 'Risk', 'Sociology of scientific knowledge', 'Sociology of scientific knowledge', 'Social change', 'Social movement', 'Sociology of space', 'Sociology of sport', 'Science, technology and society', 'Sociology of terrorism', 'Sociology of the body', 'Sociology of the family', 'Sociology of the history of science', 'Sociology of the Internet', 'Industrial sociology', 'Sociomusicology', 'Structural sociology', 'Theoretical sociology', 'Urban studies', 'Urban sociology', 'Rural sociology', 'Victimology', 'Visual sociology']"
Biology,"['Aerobiology', 'Anatomy', 'Comparative anatomy', 'Human anatomy', 'Outline of human anatomy', 'Biochemistry', 'Outline of biochemistry', 'Bioinformatics', 'Biophysics', 'Outline of biophysics', 'Biotechnology', 'Outline of biotechnology', 'Botany', 'Outline of botany', 'Ethnobotany', 'Phycology', 'Cell biology', 'Outline of cell biology', 'Chronobiology', 'Computational biology', 'Cryobiology', 'Developmental biology', 'Embryology', 'Teratology', 'Ecology', 'Outline of ecology', 'Agroecology', 'Ethnoecology', 'Human ecology', 'Landscape ecology', 'Endocrinology', 'Evolutionary biology', 'Genetics', 'Outline of genetics', 'Behavioural genetics', 'Molecular genetics', 'Population genetics', 'Histology', 'Human biology', 'Immunology', 'Outline of immunology', 'Limnology', 'Linnaean taxonomy', 'Marine biology', 'Mathematical biology', 'Microbiology', 'Molecular biology', 'Mycology', 'Neuroscience', 'Outline of neuroscience', 'Behavioral neuroscience', 'Nutrition', 'Outline of nutrition', 'Paleobiology', 'Paleontology', 'Parasitology', 'Pathology', 'Anatomical pathology', 'Clinical pathology', 'Dermatopathology', 'Forensic pathology', 'Hematopathology', 'Histopathology', 'Molecular pathology', 'Surgical pathology', 'Physiology', 'Human physiology', 'Exercise physiology', 'Structural Biology', 'Systematics', 'Taxonomy (general)', 'Systems biology', 'Virology', 'Molecular virology', 'Xenobiology', 'Zoology', 'Outline of zoology', 'Animal communication', 'Apiology', 'Arachnology', 'Carcinology', 'Cetology', 'Entomology', 'Forensic entomology', 'Ethnozoology', 'Ethology', 'Helminthology', 'Herpetology', 'Ichthyology', 'Outline of fish', 'Mammalogy', 'Malacology', 'Conchology', 'Myrmecology', 'Outline of ants', 'Nematology', 'Neuroethology', 'Oology', 'Ornithology', 'Outline of birds', 'Planktology', 'Primatology', 'Zootomy', 'Zoosemiotics']"
Chemistry,"['Agrochemistry', 'Analytical chemistry', 'Astrochemistry', 'Atmospheric chemistry', 'Biochemistry', 'Outline of biochemistry', 'Chemical biology', 'Chemical engineering', 'Outline of chemical engineering', 'Cheminformatics', 'Computational chemistry', 'Cosmochemistry', 'Electrochemistry', 'Environmental chemistry', 'Femtochemistry', 'Flavor', 'Flow chemistry', 'Geochemistry', 'Green chemistry', 'Histochemistry', 'Hydrogenation', 'Immunochemistry', 'Inorganic chemistry', 'Marine chemistry', 'Mathematical chemistry', 'Mechanochemistry', 'Medicinal chemistry', 'Molecular biology', 'Molecular mechanics', 'Nanotechnology', 'Natural product chemistry', 'Neurochemistry', 'Oenology', 'Organic chemistry', 'Outline of organic chemistry', 'Organometallic chemistry', 'Petrochemistry', 'Pharmacology', 'Photochemistry', 'Physical chemistry', 'Physical organic chemistry', 'Phytochemistry', 'Polymer chemistry', 'Quantum chemistry', 'Radiochemistry', 'Solid-state chemistry', 'Sonochemistry', 'Supramolecular chemistry', 'Surface chemistry', 'Synthetic chemistry', 'Theoretical chemistry', 'Thermochemistry']"
Physics,"['Acoustics', 'Aerodynamics', 'Applied physics', 'Astrophysics', 'Atomic, molecular, and optical physics', 'Biophysics', 'Outline of biophysics', 'Computational physics', 'Condensed matter physics', 'Cryogenics', 'Electricity', 'Electromagnetism', 'Elementary particle physics', 'Experimental physics', 'Fluid dynamics', 'Geophysics', 'Outline of geophysics', 'Mathematical physics', 'Mechanics', 'Medical physics', 'Molecular physics', ""Newton's laws of motion"", 'Nuclear physics', 'Optics', 'Plasma physics', 'Quantum physics', 'Solid mechanics', 'Solid state physics', 'Statistical mechanics', 'Theoretical physics', 'Thermal physics', 'Thermodynamics']"
Computer Science,"['Logic in computer science', 'Formal methods', 'Formal verification', 'Logic programming', 'Multi-valued logic', 'Fuzzy logic', 'Formal semantics of programming languages', 'Type theory', 'Algorithm', 'Computational geometry', 'Distributed algorithms', 'Parallel algorithms', 'Randomized algorithms', 'Artificial intelligence', 'Outline of artificial intelligence', 'Cognitive science', 'Automated reasoning', 'Computer vision', 'Outline of computer vision', 'Machine learning', 'Artificial neural network', 'Support vector machine', 'Natural language processing', 'Computational linguistics', 'Expert systems', 'Robotics', 'Outline of robotics', 'Data structures', 'Computer architecture', 'Computer graphics', 'Image processing', 'Scientific visualization', 'Computer networking', 'Cloud computing', 'Information theory', 'Internet', 'World Wide Web', 'Ubiquitous computing', 'Wireless computing', 'Mobile computing', 'Computer security', 'High availability', 'Cryptography', 'Fault-tolerant system', 'Mathematics', 'Natural science', 'Engineering', 'Medicine', 'Symbolic computation', 'Computational biology', 'Computational chemistry', 'Computational mathematics', 'Computational neuroscience', 'Computational number theory', 'Computational physics', 'Computer-aided engineering', 'Computational fluid dynamics', 'Finite element analysis', 'Numerical analysis', 'Scientific computing', 'Social science', 'The arts', 'Humanities', 'Profession', 'Community informatics', 'Computational economics', 'Computational finance', 'Computational sociology', 'Digital humanities', 'History of computer hardware', 'History of computer science', 'Outline of computer science', 'Humanistic informatics', 'Database', 'Outline of databases', 'Distributed database', 'Object database', 'Relational database', 'Data management', 'Data mining', 'Information architecture', 'Information management', 'Information retrieval', 'Knowledge management', 'Multimedia', 'Hypermedia', 'Sound and music computing', 'Distributed computing', 'Grid computing', 'Human-computer interaction', 'Operating systems', 'Parallel computing', 'High-performance computing', 'Programming languages', 'Compilers', 'Programming paradigms', 'Concurrent programming language', 'Functional programming', 'Imperative programming', 'Logic programming', 'Object-oriented programming', 'Program semantics', 'Type theory', 'Quantum computing', 'Software engineering', 'Formal methods', 'Formal verification', 'Theory of computation', 'Automata theory', 'Formal languages', 'Computability theory (computer science)', 'Computational complexity theory', 'Concurrency (computer science)', 'Very-large-scale integration']"
Pure Mathematics,"['Mathematical logic', 'Foundations of mathematics', 'Intuitionistic logic', 'Modal logic', 'Model theory', 'Proof theory', 'Recursion theory', 'Set theory', 'Algebra', 'Outline of algebra', 'Associative algebra', 'Category theory', 'Topos', 'Differential algebra', 'Field theory (mathematics)', 'Group theory', 'Group representation', 'Homological algebra', 'K-theory', 'Lattice theory', 'Order theory', 'Lie algebra', 'Linear algebra', 'Vector space', 'Multilinear algebra', 'Non-associative algebra', 'Representation theory', 'Ring theory', 'Commutative algebra', 'Noncommutative algebra', 'Universal algebra', 'Mathematical analysis', 'Complex analysis', 'Functional analysis', 'Operator theory', 'Harmonic analysis', 'Fourier analysis', 'Non-standard analysis', 'Ordinary differential equations', 'P-adic analysis', 'Partial differential equations', 'Real analysis', 'Calculus', 'Outline of calculus', 'Probability theory', 'Ergodic theory', 'Measure theory', 'Integral geometry', 'Stochastic process', 'Geometry', 'Outline of geometry', 'Topology', 'Affine geometry', 'Algebraic geometry', 'Algebraic topology', 'Convex geometry', 'Differential topology', 'Discrete geometry', 'Finite geometry', 'Galois geometry', 'General topology', 'Geometric topology', 'Integral geometry', 'Noncommutative geometry', 'Non-Euclidean geometry', 'Projective geometry', 'Number theory', 'Algebraic number theory', 'Analytic number theory', 'Arithmetic combinatorics', 'Geometric number theory']"
Applied Mathematics,"['Approximation theory', 'Combinatorics', 'Outline of combinatorics', 'Coding theory', 'Cryptography', 'Dynamical systems', 'Chaos theory', 'Fractal geometry', 'Game theory', 'Graph theory', 'Information theory', 'Mathematical physics', 'Quantum field theory', 'Quantum gravity', 'String theory', 'Quantum mechanics', 'Statistical mechanics', 'Numerical analysis', 'Operations research', 'Assignment problem', 'Decision analysis', 'Dynamic programming', 'Inventory theory', 'Linear programming', 'Mathematical optimization', 'Optimal maintenance', 'Real options analysis', 'Job shop scheduling', 'Stochastic processes', 'Systems analysis', 'Statistics', 'Outline of statistics', 'Actuarial science', 'Demography', 'Econometrics', 'Mathematical statistics', 'Data visualization', 'Theory of computation', 'Computational complexity theory']"
Engineering and Technology,"['Chemical engineering', 'Bioengineering', 'Biochemical engineering', 'Biomolecular engineering', 'Catalysis', 'Materials engineering', 'Molecular engineering', 'Nanotechnology', 'Polymer engineering', 'Process design', 'Petroleum engineering', 'Nuclear engineering', 'Food engineering', 'Process engineering', 'Reaction engineering', 'Thermodynamics', 'Transport phenomena', 'Civil engineering', 'Coastal engineering', 'Earthquake engineering', 'Ecological engineering', 'Environmental engineering', 'Geotechnical engineering', 'Engineering geology', 'Hydraulic engineering', 'Mining engineering', 'Transportation engineering', 'Highway engineering', 'Structural engineering', 'Architectural engineering', 'Structural mechanics', 'Surveying', 'Educational technology', 'Instructional design', 'Distance education', 'Instructional simulation', 'Human performance technology', 'Knowledge management', 'Electrical engineering', 'Applied physics', 'Computer engineering', 'Outline of computer engineering', 'Computer science', 'Control engineering', 'Control theory', 'Electronic engineering', 'Instrumentation engineering', 'Engineering physics', 'Photonics', 'Information theory', 'Mechatronics', 'Power engineering', 'Quantum computing', 'Robotics', 'Outline of robotics', 'Semiconductors', 'Telecommunications engineering', 'Materials science', 'Biomaterials', 'Ceramic engineering', 'Crystallography', 'Nanomaterials', 'Photonics', 'Metallurgy', 'Polymer engineering', 'Polymer science', 'Semiconductors', 'Mechanical engineering', 'Aerospace engineering', 'Aeronautics', 'Astronautics', 'Acoustical engineering', 'Automotive engineering', 'Biomedical engineering', 'Biomechanical engineering', 'Neural engineering', 'Continuum mechanics', 'Fluid mechanics', 'Heat transfer', 'Industrial engineering', 'Manufacturing engineering', 'Marine propulsion', 'Mass transfer', 'Mechatronics', 'Nanoengineering', 'Offshore construction', 'Optical engineering', 'Robotics', 'Thermodynamics', 'Systems science', 'Chaos theory', 'Complex systems', 'Conceptual systems', 'Control theory', 'Affect control theory', 'Control engineering', 'Control systems', 'Dynamical systems', 'Perceptual control theory', 'Cybernetics', 'Biocybernetics', 'Engineering cybernetics', 'Management cybernetics', 'Medical cybernetics', 'New Cybernetics', 'Second-order cybernetics', 'Sociocybernetics', 'Network science', 'Operations research', 'Systems biology', 'Computational systems biology', 'Synthetic biology', 'Systems immunology', 'Systems neuroscience', 'System dynamics', 'Social dynamics', 'Systems ecology', 'Ecosystem ecology', 'Systems engineering', 'Biological systems engineering', 'Earth systems engineering and management', 'Enterprise systems engineering', 'Systems analysis', 'Systems psychology', 'Ergonomics', 'Family systems theory', 'Systemic therapy', 'Systems theory', 'Biochemical systems theory', 'Ecological systems theory', 'Developmental systems theory', 'General systems theory', 'Living systems theory', 'LTI system theory', 'Mathematical system theory', 'Sociotechnical systems theory', 'World-systems theory', 'Systems theory in anthropology']"
Medicine and Health,"['Alternative medicine', 'Audiology', 'Clinical laboratory sciences', 'Clinical pathology', 'Laboratory medicine', 'Clinical biochemistry', 'Cytogenetics', 'Cytohematology', 'Cell biology', 'Outline of cell biology', 'Haemostasiology', 'Histology', 'Clinical immunology', 'Clinical microbiology', 'Molecular genetics', 'Parasitology', 'Clinical physiology', 'Dentistry', 'Outline of dentistry and oral health', 'Dental hygienist', 'Epidemiology', 'Dental surgery', 'Endodontics', 'Dental implant', 'Oral and maxillofacial surgery', 'Orthodontics', 'Periodontics', 'Prosthodontics', 'Dermatology', 'Emergency medicine', 'Outline of emergency medicine', 'Epidemiology', 'Geriatrics', 'Gynaecology', 'Health informatics', 'Clinical informatics', 'Hematology', 'Infectious disease', 'Intensive care medicine', 'Internal medicine', 'Cardiology', 'Cardiac electrophysiology', 'Endocrinology', 'Gastroenterology', 'Hepatology', 'Nephrology', 'Neurology', 'Oncology', 'Pulmonology', 'Rheumatology', 'Medical toxicology', 'Music therapy', 'Nursing', 'Nutrition', 'Outline of nutrition', 'Dietetics', 'Obstetrics', 'Outline of obstetrics', 'Occupational hygiene', 'Occupational therapy', 'Occupational toxicology', 'Ophthalmology', 'Neuro-ophthalmology', 'Optometry', 'Otolaryngology', 'Pathology', 'Pediatrics', 'Pharmaceutical sciences', 'Pharmacy', 'Physical fitness', 'Aerobics', 'Kinesiology', 'Personal fitness training', 'Physical therapy', 'Physiotherapy', 'Podiatry', 'Preventive healthcare', 'Primary care', 'General medical services', 'Psychiatry', 'Outline of psychiatry', 'Forensic psychiatry', 'Psychology', 'Outline of psychology', 'Public health', 'Radiology', 'Recreational therapy', 'Physical medicine and rehabilitation', 'Respiratory therapy', 'Sleep medicine', 'Speech-language pathology', 'Sports medicine', 'Surgery', 'Bariatric surgery', 'Cardiothoracic surgery', 'Neurosurgery', 'Orthoptics', 'Orthopedic surgery', 'Plastic surgery', 'Trauma surgery', 'Traumatology', 'Traditional medicine', 'Urology', 'Andrology', 'Veterinary medicine']"
